nombreequipo,nombrejugador,preciojugador,fechanacimiento,edad,nacionalidad,altura,posicion,partidosjugados,valoracionpromedio,totalgoles,totalpasesgol,totalgolesrecibidos,porteriaimbatida,minutosjugados
Manchester City,Ederson,56,17/08/1993,27,Brasil,1.88,Portero,308,218,0,0,252,146,27.407'
Manchester City,Zack Steffen,6,02/04/1995,26,Estados Unidos,1.91,Portero,135,153,0,0,187,38,12.240'
Manchester City,Scott Carson,0.5,03/09/1985,35,Inglaterra,1.88,Portero,520,144,0,0,657,153,46.770'
Manchester City,Rúben Dias,70,14/05/1997,23,Portugal,1.87,Defensa central,246,202,13,8,0,0,21.821'
Manchester City,Aymeric Laporte,50,27/05/1994,26,Francia,1.89,Defensa central,336,188,17,10,0,0,28.801'
Manchester City,Nathan Aké,35,18/02/1995,26,Países Bajos,1.8,Defensa central,229,145,17,12,0,0,18.873'
Manchester City,John Stones,30,28/05/1994,26,Inglaterra,1.88,Defensa central,295,199,12,3,0,0,22.897'
Manchester City,Eric García,20,09/01/2001,20,España,1.83,Defensa central,83,201,6,2,0,0,6.753'
Manchester City,Philippe Sandler,3,10/02/1997,24,Países Bajos,1.9,,0,0,0,0,0,0,0
Manchester City,Benjamin Mendy,22,17/07/1994,26,Francia,1.85,Lateral izquierdo,273,191,6,40,0,0,22.296'
Manchester City,Oleksandr Zinchenko,20,15/12/1996,24,Ucrania,1.75,Lateral izquierdo,155,209,5,25,0,0,10.902'
Manchester City,João Cancelo,50,27/05/1994,26,Portugal,1.82,Lateral derecho,274,181,11,42,0,0,20.665'
Manchester City,Kyle Walker,35,28/05/1990,30,Inglaterra,1.83,Lateral derecho,488,201,11,46,0,0,41.115'
Manchester City,Rodri,70,22/06/1996,24,España,1.91,Pivote,268,200,12,13,0,0,19.399'
Manchester City,Fernandinho,2.5,04/05/1985,35,Brasil,1.79,Pivote,631,218,77,77,0,0,49.624'
Manchester City,Phil Foden,70,28/05/2000,20,Inglaterra,1.71,Mediocentro,155,250,48,34,0,0,9.329'
Manchester City,Ilkay Gündogan,40,24/10/1990,30,Alemania,1.8,Mediocentro,452,207,88,53,0,0,32.870'
Manchester City,Kevin De Bruyne,100,28/06/1991,29,Bélgica,1.81,Mediocentro ofensivo,484,199,112,189,0,0,36.967'
Manchester City,Bernardo Silva,70,10/08/1994,26,Portugal,1.73,Mediocentro ofensivo,380,221,70,66,0,0,26.377'
Manchester City,Raheem Sterling,100,08/12/1994,26,Inglaterra,1.7,Extremo izquierdo,433,204,144,121,0,0,32.524'
Manchester City,Ferran Torres,50,29/02/2000,21,España,1.84,Extremo derecho,138,183,18,20,0,0,7.702'
Manchester City,Riyad Mahrez,42,21/02/1991,30,Argelia,1.79,Extremo derecho,381,183,94,85,0,0,26.586'
Manchester City,Gabriel Jesus,60,03/04/1997,24,Brasil,1.75,Delantero centro,237,229,102,39,0,0,15.069'
Manchester City,Sergio Agüero,25,02/06/1988,32,Argentina,1.73,Delantero centro,653,191,375,119,0,0,48.007'
Liverpool FC,Alisson,65,02/10/1992,28,Brasil,1.91,Portero,241,201,0,0,223,104,21.587'
Liverpool FC,Caoimhin Kelleher,2.5,23/11/1998,22,Irlanda,1.88,Portero,60,163,0,0,93,16,5.400'
Liverpool FC,Adrián,1.5,03/01/1987,34,España,1.9,Portero,253,150,0,0,352,76,22.702'
Liverpool FC,Virgil van Dijk,70,08/07/1991,29,Países Bajos,1.93,Defensa central,395,192,43,18,0,0,34.581'
Liverpool FC,Joe Gomez,35,23/05/1997,23,Inglaterra,1.88,Defensa central,154,206,1,5,0,0,11.632'
Liverpool FC,Ozan Kabak,25,25/03/2000,21,Turquía,1.86,Defensa central,86,112,6,1,0,0,6.952'
Liverpool FC,Joel Matip,25,08/08/1991,29,Camerún,1.95,Defensa central,422,179,40,22,0,0,33.700'
Liverpool FC,Rhys Williams,5,03/02/2001,20,Inglaterra,1.95,Defensa central,85,202,8,5,0,0,7.057'
Liverpool FC,Nathaniel Phillips,5,21/03/1997,24,Inglaterra,1.9,Defensa central,63,189,3,1,0,0,4.970'
Liverpool FC,Ben Davies,3,11/08/1995,25,Inglaterra,1.85,Defensa central,250,142,3,6,0,0,21.525'
Liverpool FC,Andrew Robertson,70,11/03/1994,27,Escocia,1.78,Lateral izquierdo,370,179,17,54,0,0,31.701'
Liverpool FC,Konstantinos Tsimikas,8,12/05/1996,24,Grecia,1.79,Lateral izquierdo,160,186,9,19,0,0,13.276'
Liverpool FC,Trent Alexander-Arnold,100,07/10/1998,22,Inglaterra,1.8,Lateral derecho,189,220,13,45,0,0,15.075'
Liverpool FC,Neco Williams,10,13/04/2001,19,Gales,1.83,Lateral derecho,97,166,3,12,0,0,7.597'
Liverpool FC,Fabinho,60,23/10/1993,27,Brasil,1.88,Pivote,377,197,36,30,0,0,30.900'
Liverpool FC,Naby Keïta,38,10/02/1995,26,Guinea,1.72,Mediocentro,251,198,48,39,0,0,17.246'
Liverpool FC,Georginio Wijnaldum,35,11/11/1990,30,Países Bajos,1.75,Mediocentro,559,187,116,56,0,0,43.789'
Liverpool FC,Thiago,35,11/04/1991,29,España,1.74,Mediocentro,410,226,45,57,0,0,28.308'
Liverpool FC,Jordan Henderson,22,17/06/1990,30,Inglaterra,1.87,Mediocentro,484,181,36,64,0,0,37.200'
Liverpool FC,Alex Oxlade-Chamberlain,20,15/08/1993,27,Inglaterra,1.75,Mediocentro,346,194,43,52,0,0,18.122'
Liverpool FC,James Milner,3,04/01/1986,35,Inglaterra,1.75,Mediocentro,763,177,85,130,0,0,51.827'
Liverpool FC,Curtis Jones,30,30/01/2001,20,Inglaterra,1.85,Mediocentro ofensivo,123,179,48,20,0,0,9.203'
Liverpool FC,Ben Woodburn,3,15/10/1999,21,Gales,1.74,Mediocentro ofensivo,98,183,18,18,0,0,6.456'
Liverpool FC,Sadio Mané,100,10/04/1992,28,Senegal,1.74,Extremo izquierdo,394,198,165,88,0,0,30.816'
Liverpool FC,Diogo Jota,40,04/12/1996,24,Portugal,1.78,Extremo izquierdo,239,182,83,41,0,0,16.552'
Liverpool FC,Mohamed Salah,110,15/06/1992,28,Egipto,1.75,Extremo derecho,445,191,198,98,0,0,33.294'
Liverpool FC,Xherdan Shaqiri,14,10/10/1991,29,Suiza,1.69,Extremo derecho,402,192,74,72,0,0,24.648'
Liverpool FC,Roberto Firmino,55,02/10/1991,29,Brasil,1.81,Delantero centro,474,173,141,103,0,0,35.159'
Liverpool FC,Divock Origi,16,18/04/1995,25,Bélgica,1.85,Delantero centro,284,171,59,23,0,0,13.560'
París Saint-Germain FC,Keylor Navas,10,15/12/1986,34,Costa Rica,1.85,Portero,399,191,0,0,385,146,35.873'
París Saint-Germain FC,Sergio Rico,8,01/09/1993,27,España,1.95,Portero,258,160,0,0,346,85,23.024'
París Saint-Germain FC,Alexandre Letellier,0.4,11/12/1990,30,Francia,1.93,Portero,87,126,0,0,112,20,7.920'
París Saint-Germain FC,Denis Franchi,0.25,22/10/2002,18,Italia,,Portero,27,93,0,0,63,2,2.416'
París Saint-Germain FC,Mathyas Randriamamy,0.15,23/04/2003,17,Madagascar,1.86,Portero,0,0,0,0,0,0,0
París Saint-Germain FC,Marquinhos,70,14/05/1994,26,Brasil,1.83,Defensa central,350,229,27,9,0,0,28.839'
París Saint-Germain FC,Presnel Kimpembe,40,13/08/1995,25,Francia,1.89,Defensa central,177,230,1,1,0,0,14.861'
París Saint-Germain FC,Thilo Kehrer,25,21/09/1996,24,Alemania,1.86,Defensa central,265,214,14,14,0,0,19.485'
París Saint-Germain FC,Abdou Diallo,25,04/05/1996,24,Senegal,1.87,Defensa central,178,188,7,6,0,0,14.145'
París Saint-Germain FC,Timothée Pembélé,4,09/09/2002,18,Francia,1.82,Defensa central,16,200,3,3,0,0,1.179'
París Saint-Germain FC,Juan Bernat,16,01/03/1993,28,España,1.7,Lateral izquierdo,287,202,20,27,0,0,21.121'
París Saint-Germain FC,Layvin Kurzawa,12,04/09/1992,28,Francia,1.82,Lateral izquierdo,244,217,22,31,0,0,18.540'
París Saint-Germain FC,Mitchel Bakker,10,20/06/2000,20,Países Bajos,1.85,Lateral izquierdo,136,214,4,12,0,0,10.162'
París Saint-Germain FC,Alessandro Florenzi,15,11/03/1991,30,Italia,1.73,Lateral derecho,439,184,72,35,0,0,31.402'
París Saint-Germain FC,Colin Dagba,12,06/09/1998,22,Francia,1.7,Lateral derecho,67,222,1,6,0,0,3.889'
París Saint-Germain FC,Danilo Pereira,24,09/09/1991,29,Portugal,1.88,Pivote,362,183,29,11,0,0,28.819'
París Saint-Germain FC,Leandro Paredes,20,29/06/1994,26,Argentina,1.8,Pivote,263,189,22,26,0,0,17.279'
París Saint-Germain FC,Idrissa Gueye,18,26/09/1989,31,Senegal,1.74,Pivote,390,163,14,15,0,0,29.690'
París Saint-Germain FC,Marco Verratti,60,05/11/1992,28,Italia,1.65,Mediocentro,420,223,11,69,0,0,29.098'
París Saint-Germain FC,Rafinha,15,12/02/1993,28,Brasil,1.74,Mediocentro,280,177,41,34,0,0,18.331'
París Saint-Germain FC,Ander Herrera,15,14/08/1989,31,España,1.82,Mediocentro,457,181,39,51,0,0,31.221'
París Saint-Germain FC,Kays Ruiz-Atil,3,26/08/2002,18,Francia,1.73,Mediocentro,19,179,1,3,0,0,973'
París Saint-Germain FC,Xavi Simons,0.5,21/04/2003,17,Países Bajos,1.68,Mediocentro,7,129,2,0,0,0,379'
París Saint-Germain FC,Julian Draxler,20,20/09/1993,27,Alemania,1.87,Mediocentro ofensivo,437,191,87,84,0,0,27.789'
París Saint-Germain FC,Édouard Michut,0.5,04/03/2003,18,Francia,1.78,Mediocentro ofensivo,3,300,0,0,0,0,63'
París Saint-Germain FC,Neymar,128,05/02/1992,29,Brasil,1.75,Extremo izquierdo,425,212,258,158,0,0,34.699'
París Saint-Germain FC,Ángel Di María,28,14/02/1988,33,Argentina,1.8,Extremo derecho,632,216,149,228,0,0,42.736'
París Saint-Germain FC,Pablo Sarabia,25,11/05/1992,28,España,1.74,Extremo derecho,415,160,93,74,0,0,26.677'
París Saint-Germain FC,Kylian Mbappé,180,20/12/1998,22,Francia,1.78,Delantero centro,224,228,150,77,0,0,15.960'
París Saint-Germain FC,Mauro Icardi,55,19/02/1993,28,Argentina,1.81,Delantero centro,344,172,192,42,0,0,25.918'
París Saint-Germain FC,Moise Kean,30,28/02/2000,21,Italia,1.83,Delantero centro,169,173,74,8,0,0,9.171'
Bayern Múnich,Manuel Neuer,18,27/03/1986,35,Alemania,1.93,Portero,684,219,0,0,563,318,61.800'
Bayern Múnich,Alexander Nübel,6.5,30/09/1996,24,Alemania,1.93,Portero,113,129,0,0,166,30,9.829'
Bayern Múnich,Ron-Thorben Hoffmann,0.6,04/04/1999,22,Alemania,1.92,Portero,120,187,0,0,149,38,10.710'
Bayern Múnich,David Alaba,55,24/06/1992,28,Austria,1.8,Defensa central,503,227,43,63,0,0,41.068'
Bayern Múnich,Niklas Süle,37,03/09/1995,25,Alemania,1.95,Defensa central,298,186,18,8,0,0,24.079'
Bayern Múnich,Tanguy Nianzou,11,07/06/2002,18,Francia,1.87,Defensa central,22,250,3,3,0,0,1.646'
Bayern Múnich,Jérôme Boateng,10,03/09/1988,32,Alemania,1.9,Defensa central,544,218,16,34,0,0,42.827'
Bayern Múnich,Bright Arrey-Mbi,1,26/03/2003,18,Alemania,1.87,Defensa central,47,145,3,0,0,0,3.886'
Bayern Múnich,Alphonso Davies,75,02/11/2000,20,Canadá,1.83,Lateral izquierdo,176,194,19,27,0,0,11.509'
Bayern Múnich,Lucas Hernández,45,14/02/1996,25,Francia,1.84,Lateral izquierdo,201,218,4,10,0,0,14.760'
Bayern Múnich,Benjamin Pavard,35,28/03/1996,25,Francia,1.86,Lateral derecho,188,186,7,10,0,0,15.464'
Bayern Múnich,Bouna Sarr,5.5,31/01/1992,29,Francia,1.77,Lateral derecho,297,161,16,23,0,0,17.593'
Bayern Múnich,Joshua Kimmich,90,08/02/1995,26,Alemania,1.77,Pivote,366,232,40,86,0,0,28.025'
Bayern Múnich,Marc Roca,12,26/11/1996,24,España,1.84,Pivote,182,146,9,6,0,0,13.519'
Bayern Múnich,Javi Martínez,6.5,02/09/1988,32,España,1.89,Pivote,513,196,39,17,0,0,37.830'
Bayern Múnich,Leon Goretzka,70,06/02/1995,26,Alemania,1.89,Mediocentro,337,191,76,56,0,0,24.432'
Bayern Múnich,Corentin Tolisso,20,03/08/1994,26,Francia,1.81,Mediocentro,254,200,47,29,0,0,17.870'
Bayern Múnich,Tiago Dantas,4,24/12/2000,20,Portugal,1.7,Mediocentro,75,144,11,8,0,0,5.032'
Bayern Múnich,Jamal Musiala,24,26/02/2003,18,Alemania,1.8,Mediocentro ofensivo,64,236,12,3,0,0,2.955'
Bayern Múnich,Kingsley Coman,65,13/06/1996,24,Francia,1.8,Extremo izquierdo,223,235,41,50,0,0,13.024'
Bayern Múnich,Douglas Costa,12,14/09/1990,30,Brasil,1.72,Extremo izquierdo,432,225,65,97,0,0,24.538'
Bayern Múnich,Serge Gnabry,70,14/07/1995,25,Alemania,1.76,Extremo derecho,253,207,87,50,0,0,16.820'
Bayern Múnich,Leroy Sané,70,11/01/1996,25,Alemania,1.83,Extremo derecho,311,214,80,84,0,0,19.650'
Bayern Múnich,Thomas Müller,35,13/09/1989,31,Alemania,1.85,Mediapunta,660,230,254,216,0,0,49.836'
Bayern Múnich,Robert Lewandowski,60,21/08/1988,32,Polonia,1.85,Delantero centro,626,215,453,127,0,0,51.327'
Bayern Múnich,Eric Maxim Choupo-Moting,3.5,23/03/1989,32,Camerún,1.91,Delantero centro,410,155,79,37,0,0,24.147'
FC Barcelona,Marc-André ter Stegen,75,30/04/1992,28,Alemania,1.87,Portero,468,207,0,0,446,189,42.049'
FC Barcelona,Neto,10,19/07/1989,31,Brasil,1.9,Portero,255,177,0,0,264,90,22.958'
FC Barcelona,Iñaki Peña,2.5,02/03/1999,22,España,1.84,Portero,60,187,0,0,50,26,5.430'
FC Barcelona,Ronald Araújo,25,07/03/1999,22,Uruguay,1.88,Defensa central,119,170,13,6,0,0,9.585'
FC Barcelona,Clément Lenglet,25,17/06/1995,25,Francia,1.86,Defensa central,281,192,13,5,0,0,23.253'
FC Barcelona,Gerard Piqué,12,02/02/1987,34,España,1.94,Defensa central,609,226,55,14,0,0,51.003'
FC Barcelona,Samuel Umtiti,10,14/11/1993,27,Francia,1.82,Defensa central,299,200,7,4,0,0,25.400'
FC Barcelona,Óscar Mingueza,10,13/05/1999,21,España,1.84,Defensa central,85,207,1,6,0,0,6.076'
FC Barcelona,Jordi Alba,25,21/03/1989,32,España,1.7,Lateral izquierdo,520,208,32,86,0,0,40.662'
FC Barcelona,Júnior Firpo,10,22/08/1996,24,España,1.84,Lateral izquierdo,127,173,9,10,0,0,9.237'
FC Barcelona,Sergiño Dest,25,03/11/2000,20,Estados Unidos,1.75,Lateral derecho,145,201,11,17,0,0,10.659'
FC Barcelona,Sergi Roberto,25,07/02/1992,29,España,1.78,Lateral derecho,402,210,17,38,0,0,27.864'
FC Barcelona,Moussa Wagué,4,04/10/1998,22,Senegal,1.77,Lateral derecho,86,120,3,10,0,0,6.048'
FC Barcelona,Sergio Busquets,10,16/07/1988,32,España,1.89,Pivote,621,233,15,39,0,0,48.363'
FC Barcelona,Matheus Fernandes,2,30/06/1998,22,Brasil,1.83,Pivote,91,152,3,4,0,0,5.919'
FC Barcelona,Frenkie de Jong,80,12/05/1997,23,Países Bajos,1.8,Mediocentro,251,198,28,36,0,0,19.678'
FC Barcelona,Miralem Pjani?,28,02/04/1990,31,Bosnia y Herzegovina,1.78,Mediocentro,550,189,73,108,0,0,38.114'
FC Barcelona,Riqui Puig,18,13/08/1999,21,España,1.69,Mediocentro,102,183,6,16,0,0,6.489'
FC Barcelona,Ilaix Moriba,10,19/01/2003,18,España,1.85,Mediocentro,39,195,4,6,0,0,2.195'
FC Barcelona,Pedri,70,25/11/2002,18,España,1.74,Mediocentro ofensivo,80,186,7,13,0,0,5.784'
FC Barcelona,Philippe Coutinho,40,12/06/1992,28,Brasil,1.72,Mediocentro ofensivo,411,189,99,75,0,0,27.132'
FC Barcelona,Ansu Fati,80,31/10/2002,18,España,1.78,Extremo izquierdo,52,188,17,8,0,0,2.547'
FC Barcelona,Konrad de la Fuente,2.5,16/07/2001,19,Estados Unidos,1.76,Extremo izquierdo,40,183,9,6,0,0,2.902'
FC Barcelona,Lionel Messi,80,24/06/1987,33,Argentina,1.7,Extremo derecho,769,228,663,291,0,0,62.697'
FC Barcelona,Ousmane Dembélé,50,15/05/1997,23,Francia,1.78,Extremo derecho,189,203,51,47,0,0,12.074'
FC Barcelona,Trincão,25,29/12/1999,21,Portugal,1.84,Extremo derecho,131,163,18,21,0,0,6.088'
FC Barcelona,Antoine Griezmann,60,21/03/1991,30,Francia,1.76,Mediapunta,548,182,214,83,0,0,41.919'
FC Barcelona,Martin Braithwaite,9,05/06/1991,29,Dinamarca,1.77,Delantero centro,396,144,93,42,0,0,27.698'
Chelsea FC,Edouard Mendy,25,01/03/1992,29,Senegal,1.96,Portero,160,176,0,0,154,71,14.320'
Chelsea FC,Kepa,13,03/10/1994,26,España,1.86,Portero,268,164,0,0,294,90,24.124'
Chelsea FC,Willy Caballero,0.3,28/09/1981,39,Argentina,1.86,Portero,381,155,0,0,440,134,33.710'
Chelsea FC,Kurt Zouma,32,27/10/1994,26,Francia,1.9,Defensa central,294,166,16,9,0,0,22.808'
Chelsea FC,Andreas Christensen,28,10/04/1996,24,Dinamarca,1.88,Defensa central,266,182,11,9,0,0,22.604'
Chelsea FC,Antonio Rüdiger,25,03/03/1993,28,Alemania,1.9,Defensa central,359,170,18,8,0,0,29.648'
Chelsea FC,Thiago Silva,3.5,22/09/1984,36,Brasil,1.83,Defensa central,536,211,34,11,0,0,46.440'
Chelsea FC,Ben Chilwell,50,21/12/1996,24,Inglaterra,1.78,Lateral izquierdo,192,148,8,22,0,0,15.749'
Chelsea FC,Emerson,15,03/08/1994,26,Italia,1.81,Lateral izquierdo,144,194,5,9,0,0,9.455'
Chelsea FC,Marcos Alonso,13,28/12/1990,30,España,1.88,Lateral izquierdo,363,179,36,28,0,0,30.229'
Chelsea FC,Reece James,40,08/12/1999,21,Inglaterra,1.82,Lateral derecho,194,180,12,25,0,0,15.208'
Chelsea FC,César Azpilicueta,17,28/08/1989,31,España,1.78,Lateral derecho,589,179,16,60,0,0,50.567'
Chelsea FC,Jorginho,45,20/12/1991,29,Italia,1.8,Pivote,399,197,34,25,0,0,31.674'
Chelsea FC,N'Golo Kanté,55,29/03/1991,30,Francia,1.68,Mediocentro,366,180,21,23,0,0,29.838'
Chelsea FC,Mateo Kovacic,45,06/05/1994,26,Croacia,1.77,Mediocentro,405,190,20,37,0,0,24.380'
Chelsea FC,Billy Gilmour,7,11/06/2001,19,Escocia,1.7,Mediocentro,98,208,20,14,0,0,7.233'
Chelsea FC,Kai Havertz,70,11/06/1999,21,Alemania,1.89,Mediocentro ofensivo,248,187,79,42,0,0,18.140'
Chelsea FC,Mason Mount,60,10/01/1999,22,Inglaterra,1.78,Mediocentro ofensivo,222,173,46,37,0,0,17.058'
Chelsea FC,Charly Musonda Jr.,1,15/10/1996,24,Bélgica,1.73,,0,0,0,0,0,0,0
Chelsea FC,Callum Hudson-Odoi,35,07/11/2000,20,Inglaterra,1.77,Extremo izquierdo,154,208,44,33,0,0,9.334'
Chelsea FC,Christian Pulisic,50,18/09/1998,22,Estados Unidos,1.72,Extremo derecho,215,193,47,51,0,0,13.487'
Chelsea FC,Hakim Ziyech,40,19/03/1993,28,Marruecos,1.81,Extremo derecho,369,180,115,128,0,0,29.853'
Chelsea FC,Timo Werner,65,06/03/1996,25,Alemania,1.81,Delantero centro,364,165,177,74,0,0,25.648'
Chelsea FC,Tammy Abraham,40,02/10/1997,23,Inglaterra,1.9,Delantero centro,264,163,125,32,0,0,18.121'
Chelsea FC,Olivier Giroud,5,30/09/1986,34,Francia,1.93,Delantero centro,543,181,221,81,0,0,35.277'
Atlético de Madrid,Jan Oblak,90,07/01/1993,28,Eslovenia,1.88,Portero,405,187,0,0,314,199,36.500'
Atlético de Madrid,Ivo Grbic,7,18/01/1996,25,Croacia,1.95,Portero,103,158,0,0,107,31,9.224'
Atlético de Madrid,José María Giménez,60,20/01/1995,26,Uruguay,1.85,Defensa central,228,201,9,8,0,0,18.252'
Atlético de Madrid,Mario Hermoso,35,18/06/1995,25,España,1.85,Defensa central,184,160,7,7,0,0,15.627'
Atlético de Madrid,Stefan Savic,25,08/01/1991,30,Montenegro,1.87,Defensa central,377,189,9,7,0,0,31.691'
Atlético de Madrid,Felipe,15,16/05/1989,31,Brasil,1.9,Defensa central,311,199,17,9,0,0,26.548'
Atlético de Madrid,Renan Lodi,30,08/04/1998,23,Brasil,1.78,Lateral izquierdo,119,173,5,13,0,0,8.839'
Atlético de Madrid,Kieran Trippier,20,19/09/1990,30,Inglaterra,1.73,Lateral derecho,415,161,10,78,0,0,35.499'
Atlético de Madrid,Sime Vrsaljko,8,10/01/1992,29,Croacia,1.81,Lateral derecho,278,188,3,36,0,0,22.217'
Atlético de Madrid,Lucas Torreira,22,11/02/1996,25,Uruguay,1.66,Pivote,250,168,18,9,0,0,17.023'
Atlético de Madrid,Marcos Llorente,70,30/01/1995,26,España,1.84,Mediocentro,220,187,20,22,0,0,15.944'
Atlético de Madrid,Koke,60,08/01/1992,29,España,1.76,Mediocentro,559,193,53,105,0,0,43.660'
Atlético de Madrid,Saúl Ñíguez,55,21/11/1994,26,España,1.84,Mediocentro,435,181,53,19,0,0,32.570'
Atlético de Madrid,Geoffrey Kondogbia,15,15/02/1993,28,República Centroafricana,1.88,Mediocentro,323,162,14,17,0,0,22.692'
Atlético de Madrid,Héctor Herrera,8,19/04/1990,30,México,1.8,Mediocentro,353,196,38,40,0,0,25.415'
Atlético de Madrid,Thomas Lemar,25,12/11/1995,25,Francia,1.71,Mediocentro ofensivo,267,191,28,50,0,0,15.580'
Atlético de Madrid,Yannick Carrasco,35,04/09/1993,27,Bélgica,1.81,Extremo izquierdo,321,189,71,67,0,0,21.515'
Atlético de Madrid,Vitolo,8,02/11/1989,31,España,1.85,Extremo izquierdo,397,164,66,59,0,0,27.178'
Atlético de Madrid,Ángel Correa,40,09/03/1995,26,Argentina,1.71,Extremo derecho,329,193,53,62,0,0,18.623'
Atlético de Madrid,João Félix,80,10/11/1999,21,Portugal,1.8,Mediapunta,156,186,53,25,0,0,10.467'
Atlético de Madrid,Moussa Dembélé,25,12/07/1996,24,Francia,1.83,Delantero centro,286,173,127,41,0,0,18.590'
Atlético de Madrid,Luis Suárez,15,24/01/1987,34,Uruguay,1.82,Delantero centro,648,206,422,236,0,0,54.076'
Real Madrid CF,Thibaut Courtois,75,11/05/1992,28,Bélgica,1.99,Portero,470,201,0,0,442,194,42.251'
Real Madrid CF,Andriy Lunin,3,11/02/1999,22,Ucrania,1.91,Portero,91,140,0,0,107,30,8.224'
Real Madrid CF,Raphaël Varane,70,25/04/1993,27,Francia,1.91,Defensa central,379,210,19,7,0,0,31.539'
Real Madrid CF,Éder Militão,30,18/01/1998,23,Brasil,1.86,Defensa central,113,200,9,5,0,0,9.339'
Real Madrid CF,Sergio Ramos,14,30/03/1986,35,España,1.84,Defensa central,715,210,104,40,0,0,62.146'
Real Madrid CF,Nacho Fernández,10,18/01/1990,31,España,1.8,Defensa central,333,214,15,8,0,0,26.254'
Real Madrid CF,Ferland Mendy,50,08/06/1995,25,Francia,1.8,Lateral izquierdo,196,188,8,17,0,0,15.801'
Real Madrid CF,Marcelo,10,12/05/1988,32,Brasil,1.74,Lateral izquierdo,531,218,41,101,0,0,42.962'
Real Madrid CF,Daniel Carvajal,40,11/01/1992,29,España,1.73,Lateral derecho,395,215,10,67,0,0,33.022'
Real Madrid CF,Álvaro Odriozola,10,14/12/1995,25,España,1.76,Lateral derecho,187,142,6,26,0,0,13.918'
Real Madrid CF,Casemiro,70,23/02/1992,29,Brasil,1.85,Pivote,397,211,40,33,0,0,29.232'
Real Madrid CF,Federico Valverde,70,22/07/1998,22,Uruguay,1.82,Mediocentro,169,178,8,10,0,0,10.276'
Real Madrid CF,Toni Kroos,50,04/01/1990,31,Alemania,1.83,Mediocentro,603,214,66,145,0,0,46.373'
Real Madrid CF,Luka Modric,10,09/09/1985,35,Croacia,1.72,Mediocentro,614,204,65,109,0,0,47.876'
Real Madrid CF,Isco,20,21/04/1992,28,España,1.76,Mediocentro ofensivo,443,205,71,66,0,0,27.478'
Real Madrid CF,Eden Hazard,40,07/01/1991,30,Bélgica,1.75,Extremo izquierdo,583,190,164,152,0,0,42.984'
Real Madrid CF,Vinícius Júnior,40,12/07/2000,20,Brasil,1.76,Extremo izquierdo,160,189,28,27,0,0,8.177'
Real Madrid CF,Rodrygo,45,09/01/2001,20,Brasil,1.74,Extremo derecho,101,179,20,15,0,0,6.162'
Real Madrid CF,Marco Asensio,35,21/01/1996,25,España,1.82,Extremo derecho,274,174,47,46,0,0,16.732'
Real Madrid CF,Lucas Vázquez,15,01/07/1991,29,España,1.73,Extremo derecho,370,196,45,73,0,0,21.373'
Real Madrid CF,Sergio Arribas,1,30/09/2001,19,España,1.73,Extremo derecho,33,215,5,6,0,0,1.762'
Real Madrid CF,Karim Benzema,25,19/12/1987,33,Francia,1.84,Delantero centro,695,218,339,167,0,0,48.741'
Real Madrid CF,Mariano Díaz,10,01/08/1993,27,República Dominicana,1.8,Delantero centro,197,180,83,11,0,0,10.115'
Real Madrid CF,Hugo Duro,2.5,10/11/1999,21,España,1.82,Delantero centro,75,139,23,4,0,0,4.445'
Manchester United,David de Gea,22,07/11/1990,30,España,1.92,Portero,553,175,0,0,604,186,49.785'
Manchester United,Dean Henderson,20,12/03/1997,24,Inglaterra,1.88,Portero,170,178,0,0,150,73,15.306'
Manchester United,Sergio Romero,1.5,22/02/1987,34,Argentina,1.92,,0,0,0,0,0,0,0
Manchester United,Nathan Bishop,0.3,15/10/1999,21,Inglaterra,1.85,Portero,40,80,0,0,83,5,3.554'
Manchester United,Lee Grant,0.25,27/01/1983,38,Inglaterra,1.93,Portero,511,133,0,0,671,133,45.799'
Manchester United,Harry Maguire,40,05/03/1993,28,Inglaterra,1.94,Defensa central,435,162,26,23,0,0,37.922'
Manchester United,Victor Lindelöf,24,17/07/1994,26,Suecia,1.87,Defensa central,360,181,8,8,0,0,30.801'
Manchester United,Eric Bailly,15,12/04/1994,26,Costa de Marfil,1.87,Defensa central,175,190,2,2,0,0,13.680'
Manchester United,Axel Tuanzebe,8,14/11/1997,23,Inglaterra,1.86,Defensa central,106,169,2,1,0,0,7.754'
Manchester United,Phil Jones,5,21/02/1992,29,Inglaterra,1.85,,0,0,0,0,0,0,0
Manchester United,Alex Telles,28,15/12/1992,28,Brasil,1.81,Lateral izquierdo,334,207,29,69,0,0,28.502'
Manchester United,Luke Shaw,25,12/07/1995,25,Inglaterra,1.85,Lateral izquierdo,251,172,3,21,0,0,19.642'
Manchester United,Brandon Williams,10,03/09/2000,20,Inglaterra,1.72,Lateral izquierdo,104,206,4,17,0,0,7.222'
Manchester United,Aaron Wan-Bissaka,40,26/11/1997,23,Inglaterra,1.83,Lateral derecho,135,170,2,11,0,0,11.890'
Manchester United,Nemanja Matic,10,01/08/1988,32,Serbia,1.94,Pivote,496,189,26,32,0,0,38.637'
Manchester United,Paul Pogba,60,15/03/1993,28,Francia,1.91,Mediocentro,396,208,74,84,0,0,30.854'
Manchester United,Donny van de Beek,35,18/04/1997,23,Países Bajos,1.84,Mediocentro,286,205,67,56,0,0,20.204'
Manchester United,Scott McTominay,30,08/12/1996,24,Escocia,1.91,Mediocentro,154,184,17,2,0,0,9.916'
Manchester United,Fred,22,05/03/1993,28,Brasil,1.69,Mediocentro,299,201,25,28,0,0,22.414'
Manchester United,Ethan Galbraith,0.9,11/05/2001,19,Irlanda del Norte,1.75,Mediocentro,71,189,9,8,0,0,5.502'
Manchester United,Hannibal Mejbri,0,21/01/2003,18,Francia,1.82,Mediocentro,39,156,5,13,0,0,2.994'
Manchester United,Bruno Fernandes,90,08/09/1994,26,Portugal,1.79,Mediocentro ofensivo,369,173,123,92,0,0,27.334'
Manchester United,Juan Mata,6,28/04/1988,32,España,1.7,Mediocentro ofensivo,614,182,137,157,0,0,42.985'
Manchester United,Marcus Rashford,85,31/10/1997,23,Inglaterra,1.85,Extremo izquierdo,274,192,91,52,0,0,18.095'
Manchester United,Daniel James,18,10/11/1997,23,Gales,1.7,Extremo izquierdo,157,184,23,30,0,0,11.046'
Manchester United,Anthony Elanga,0,27/04/2002,18,Suecia,1.78,Extremo izquierdo,55,176,18,12,0,0,4.138'
Manchester United,Mason Greenwood,50,01/10/2001,19,Inglaterra,1.81,Extremo derecho,140,191,67,21,0,0,8.775'
Manchester United,Amad Diallo,15,11/07/2002,18,Costa de Marfil,1.73,Extremo derecho,104,219,42,27,0,0,6.851'
Manchester United,Anthony Martial,50,05/12/1995,25,Francia,1.81,Delantero centro,332,186,93,57,0,0,21.155'
Manchester United,Edinson Cavani,7,14/02/1987,34,Uruguay,1.84,Delantero centro,583,200,348,67,0,0,44.357'
Tottenham Hotspur,Hugo Lloris,9,26/12/1986,34,Francia,1.88,Portero,644,176,0,0,689,220,57.944'
Tottenham Hotspur,Joe Hart,2,19/04/1987,33,Inglaterra,1.96,Portero,548,167,0,0,633,187,49.282'
Tottenham Hotspur,Alfie Whiteman,0.8,02/10/1998,22,Inglaterra,1.88,Portero,45,118,0,0,89,6,3.889'
Tottenham Hotspur,Davinson Sánchez,35,12/06/1996,24,Colombia,1.87,Defensa central,229,194,11,3,0,0,19.292'
Tottenham Hotspur,Eric Dier,25,15/01/1994,27,Inglaterra,1.88,Defensa central,333,187,14,16,0,0,26.891'
Tottenham Hotspur,Toby Alderweireld,15,02/03/1989,32,Bélgica,1.87,Defensa central,464,195,27,17,0,0,40.114'
Tottenham Hotspur,Joe Rodon,10,22/10/1997,23,Gales,1.93,Defensa central,137,171,0,1,0,0,10.925'
Tottenham Hotspur,Japhet Tanganga,8,31/03/1999,22,Inglaterra,1.84,Defensa central,100,134,6,3,0,0,8.198'
Tottenham Hotspur,Sergio Reguilón,25,16/12/1996,24,España,1.78,Lateral izquierdo,182,180,12,18,0,0,13.895'
Tottenham Hotspur,Ben Davies,16,24/04/1993,27,Gales,1.81,Lateral izquierdo,323,171,8,24,0,0,25.366'
Tottenham Hotspur,Danny Rose,4,02/07/1990,30,Inglaterra,1.73,,291,158,11,35,0,0,21.922'
Tottenham Hotspur,Serge Aurier,20,24/12/1992,28,Costa de Marfil,1.76,Lateral derecho,320,173,21,43,0,0,26.501'
Tottenham Hotspur,Matt Doherty,18,16/01/1992,29,Irlanda,1.85,Lateral derecho,401,156,37,52,0,0,32.964'
Tottenham Hotspur,Harry Winks,22,02/02/1996,25,Inglaterra,1.78,Pivote,199,185,7,4,0,0,12.926'
Tottenham Hotspur,Tanguy Ndombélé,50,28/12/1996,24,Francia,1.81,Mediocentro,199,174,14,31,0,0,13.401'
Tottenham Hotspur,Pierre-Emile Höjbjerg,35,05/08/1995,25,Dinamarca,1.85,Mediocentro,300,163,20,18,0,0,21.602'
Tottenham Hotspur,Giovani Lo Celso,30,09/04/1996,24,Argentina,1.77,Mediocentro,203,180,32,30,0,0,12.014'
Tottenham Hotspur,Moussa Sissoko,13,16/08/1989,31,Francia,1.87,Mediocentro,551,153,41,50,0,0,40.665'
Tottenham Hotspur,Dele Alli,32,11/04/1996,24,Inglaterra,1.88,Mediocentro ofensivo,332,183,89,74,0,0,24.239'
Tottenham Hotspur,Heung-min Son,85,08/07/1992,28,Corea del Sur,1.84,Extremo izquierdo,469,174,168,77,0,0,31.468'
Tottenham Hotspur,Steven Bergwijn,25,08/10/1997,23,Países Bajos,1.78,Extremo izquierdo,242,190,52,55,0,0,15.788'
Tottenham Hotspur,Lucas Moura,25,13/08/1992,28,Brasil,1.72,Extremo derecho,466,202,100,85,0,0,29.689'
Tottenham Hotspur,Gareth Bale,20,16/07/1989,31,Gales,1.85,Extremo derecho,525,187,176,141,0,0,39.736'
Tottenham Hotspur,Erik Lamela,16,04/03/1992,29,Argentina,1.84,Extremo derecho,356,171,62,66,0,0,21.493'
Tottenham Hotspur,Harry Kane,120,28/07/1993,27,Inglaterra,1.88,Delantero centro,407,181,244,62,0,0,30.443'
Tottenham Hotspur,Carlos Vinícius,20,25/03/1995,26,Brasil,1.9,Delantero centro,145,154,70,25,0,0,8.972'
Juventus de Turín,Wojciech Szczesny,35,18/04/1990,30,Polonia,1.96,Portero,426,198,0,0,441,160,38.075'
Juventus de Turín,Gianluigi Buffon,1,28/01/1978,43,Italia,1.92,Portero,927,202,0,0,771,416,83.012'
Juventus de Turín,Carlo Pinsoglio,0.4,16/03/1990,31,Italia,1.94,Portero,281,138,0,0,310,90,24.992'
Juventus de Turín,Matthijs de Ligt,75,12/08/1999,21,Países Bajos,1.89,Defensa central,244,216,25,9,0,0,20.664'
Juventus de Turín,Merih Demiral,30,05/03/1998,23,Turquía,1.9,Defensa central,96,148,4,2,0,0,7.942'
Juventus de Turín,Leonardo Bonucci,10,01/05/1987,33,Italia,1.9,Defensa central,592,196,38,12,0,0,50.673'
Juventus de Turín,Radu Dr?gu?in,3,03/02/2002,19,Rumania,1.91,Defensa central,56,189,6,1,0,0,4.714'
Juventus de Turín,Giorgio Chiellini,2,14/08/1984,36,Italia,1.87,Defensa central,632,203,43,26,0,0,52.451'
Juventus de Turín,Alex Sandro,28,26/01/1991,30,Brasil,1.81,Lateral izquierdo,418,211,15,47,0,0,32.385'
Juventus de Turín,Gianluca Frabotta,2.5,24/06/1999,21,Italia,1.87,Lateral izquierdo,161,150,5,5,0,0,11.972'
Juventus de Turín,Danilo,20,15/07/1991,29,Brasil,1.84,Lateral derecho,398,215,32,35,0,0,31.610'
Juventus de Turín,Juan Cuadrado,18,26/05/1988,32,Colombia,1.76,Lateral derecho,392,189,46,74,0,0,27.464'
Juventus de Turín,Arthur,50,12/08/1996,24,Brasil,1.72,Mediocentro,149,219,7,9,0,0,9.472'
Juventus de Turín,Rodrigo Bentancur,40,25/06/1997,23,Uruguay,1.87,Mediocentro,203,198,4,18,0,0,12.848'
Juventus de Turín,Adrien Rabiot,32,03/04/1995,26,Francia,1.88,Mediocentro,314,235,29,20,0,0,21.079'
Juventus de Turín,Weston McKennie,25,28/08/1998,22,Estados Unidos,1.77,Mediocentro,148,170,14,13,0,0,9.697'
Juventus de Turín,Aaron Ramsey,20,26/12/1990,30,Gales,1.82,Mediocentro,465,201,73,74,0,0,28.985'
Juventus de Turín,Nicolò Fagioli,1.2,12/02/2001,20,Italia,1.78,Mediocentro ofensivo,115,157,26,17,0,0,8.046'
Juventus de Turín,Cristiano Ronaldo,50,05/02/1985,36,Portugal,1.87,Extremo izquierdo,886,221,670,227,0,0,72.345'
Juventus de Turín,Federico Chiesa,60,25/10/1997,23,Italia,1.8,Extremo derecho,229,162,57,39,0,0,17.020'
Juventus de Turín,Dejan Kulusevski,45,25/04/2000,20,Suecia,1.86,Extremo derecho,160,193,49,39,0,0,11.875'
Juventus de Turín,Federico Bernardeschi,20,16/02/1994,27,Italia,1.83,Extremo derecho,314,197,68,37,0,0,18.041'
Juventus de Turín,Paulo Dybala,60,15/11/1993,27,Argentina,1.77,Mediapunta,353,201,128,56,0,0,24.030'
Juventus de Turín,Álvaro Morata,50,23/10/1992,28,España,1.87,Delantero centro,440,212,164,65,0,0,25.280'
Inter de Milán,Ionut Radu,7,28/05/1997,23,Rumania,1.88,Portero,135,150,0,0,162,39,12.228'
Inter de Milán,Samir Handanovic,2.5,14/07/1984,36,Eslovenia,1.93,Portero,645,167,0,0,718,224,58.022'
Inter de Milán,Daniele Padelli,0.4,25/10/1985,35,Italia,1.91,Portero,202,136,0,0,253,53,17.899'
Inter de Milán,Filip Stankovic,0.4,25/02/2002,19,Serbia,1.87,Portero,48,202,0,0,48,19,4.275'
Inter de Milán,Stefan de Vrij,55,05/02/1992,29,Países Bajos,1.89,Defensa central,392,187,23,14,0,0,32.939'
Inter de Milán,Milan Skriniar,55,11/02/1995,26,Eslovaquia,1.88,Defensa central,300,177,20,6,0,0,25.494'
Inter de Milán,Alessandro Bastoni,55,13/04/1999,21,Italia,1.9,Defensa central,155,195,15,5,0,0,12.361'
Inter de Milán,Andrea Ranocchia,1.5,16/02/1988,33,Italia,1.95,Defensa central,355,165,21,8,0,0,28.451'
Inter de Milán,Aleksandar Kolarov,2.5,10/11/1985,35,Serbia,1.87,Lateral izquierdo,504,178,52,68,0,0,38.811'
Inter de Milán,Danilo D'Ambrosio,8,09/09/1988,32,Italia,1.8,Lateral derecho,396,163,32,25,0,0,29.664'
Inter de Milán,Matteo Darmian,7,02/12/1989,31,Italia,1.83,Lateral derecho,393,163,12,19,0,0,30.075'
Inter de Milán,Marcelo Brozovic,40,16/11/1992,28,Croacia,1.81,Pivote,385,178,43,50,0,0,29.962'
Inter de Milán,Nicolò Barella,60,07/02/1997,24,Italia,1.72,Mediocentro,249,144,18,25,0,0,19.739'
Inter de Milán,Roberto Gagliardini,15,07/04/1994,27,Italia,1.88,Mediocentro,238,191,20,10,0,0,15.350'
Inter de Milán,Stefano Sensi,13,05/08/1995,25,Italia,1.68,Mediocentro,229,138,29,16,0,0,16.592'
Inter de Milán,Matías Vecino,12,24/08/1991,29,Uruguay,1.87,Mediocentro,287,166,29,22,0,0,19.556'
Inter de Milán,Arturo Vidal,6,22/05/1987,33,Chile,1.8,Mediocentro,583,213,107,76,0,0,41.690'
Inter de Milán,Achraf Hakimi,50,04/11/1998,22,Marruecos,1.81,Interior derecho,170,197,24,34,0,0,13.517'
Inter de Milán,Ashley Young,1,09/07/1985,35,Inglaterra,1.75,Interior izquierdo,615,172,82,120,0,0,46.118'
Inter de Milán,Christian Eriksen,35,14/02/1992,29,Dinamarca,1.82,Mediocentro ofensivo,530,193,111,157,0,0,39.289'
Inter de Milán,Ivan Perisic,10,02/02/1989,32,Croacia,1.87,Extremo izquierdo,494,187,127,99,0,0,33.597'
Inter de Milán,Romelu Lukaku,90,13/05/1993,27,Bélgica,1.91,Delantero centro,511,174,256,83,0,0,38.495'
Inter de Milán,Lautaro Martínez,70,22/08/1997,23,Argentina,1.74,Delantero centro,182,193,74,24,0,0,11.856'
Inter de Milán,Andrea Pinamonti,12,19/05/1999,21,Italia,1.85,Delantero centro,147,165,55,13,0,0,9.642'
Inter de Milán,Alexis Sánchez,10,19/12/1988,32,Chile,1.68,Delantero centro,573,193,169,135,0,0,37.961'
Borussia Dortmund,Roman Bürki,4,14/11/1990,30,Suiza,1.87,Portero,454,170,0,0,569,152,40.908'
Borussia Dortmund,Marwin Hitz,1.7,18/09/1987,33,Suiza,1.94,Portero,315,153,1,0,383,105,28.127'
Borussia Dortmund,Luca Unbehaun,0.35,27/02/2001,20,Alemania,1.85,Portero,113,194,0,0,131,32,9.833'
Borussia Dortmund,Manuel Akanji,25,19/07/1995,25,Suiza,1.87,Defensa central,252,177,11,7,0,0,21.432'
Borussia Dortmund,Dan-Axel Zagadou,18,03/06/1999,21,Francia,1.96,Defensa central,78,199,4,1,0,0,4.978'
Borussia Dortmund,Mats Hummels,15,16/12/1988,32,Alemania,1.91,Defensa central,582,197,52,29,0,0,49.126'
Borussia Dortmund,Raphaël Guerreiro,35,22/12/1993,27,Portugal,1.7,Lateral izquierdo,303,161,38,40,0,0,23.204'
Borussia Dortmund,Nico Schulz,7,01/04/1993,28,Alemania,1.8,Lateral izquierdo,311,160,18,36,0,0,20.744'
Borussia Dortmund,Marcel Schmelzer,0.7,22/01/1988,33,Alemania,1.8,,0,0,0,0,0,0,0
Borussia Dortmund,Thomas Meunier,12,12/09/1991,29,Bélgica,1.91,Lateral derecho,360,209,34,46,0,0,26.561'
Borussia Dortmund,Mateu Morey Bauzà,7,02/03/2000,21,España,1.73,Lateral derecho,41,183,0,5,0,0,2.686'
Borussia Dortmund,Felix Passlack,2.5,29/05/1998,22,Alemania,1.7,Lateral derecho,165,203,49,47,0,0,12.460'
Borussia Dortmund,Lukasz Piszczek,1.3,03/06/1985,35,Polonia,1.84,Lateral derecho,544,180,46,81,0,0,40.218'
Borussia Dortmund,Emre Can,26,12/01/1994,27,Alemania,1.86,Pivote,378,184,34,25,0,0,28.756'
Borussia Dortmund,Thomas Delaney,17.5,03/09/1991,29,Dinamarca,1.82,Pivote,374,193,35,35,0,0,27.095'
Borussia Dortmund,Axel Witsel,12,12/01/1989,32,Bélgica,1.88,Pivote,577,192,89,48,0,0,48.373'
Borussia Dortmund,Jude Bellingham,35,29/06/2003,17,Inglaterra,1.86,Mediocentro,82,133,5,7,0,0,5.189'
Borussia Dortmund,Mahmoud Dahoud,11,01/01/1996,25,Alemania,1.78,Mediocentro,247,183,21,38,0,0,15.898'
Borussia Dortmund,Tobias Raschl,0.9,21/02/2000,21,Alemania,1.77,Mediocentro,113,201,24,24,0,0,8.520'
Borussia Dortmund,Giovanni Reyna,38,13/11/2002,18,Estados Unidos,1.85,Mediocentro ofensivo,70,190,13,16,0,0,3.935'
Borussia Dortmund,Julian Brandt,25,02/05/1996,24,Alemania,1.85,Mediocentro ofensivo,361,181,88,91,0,0,23.301'
Borussia Dortmund,Reinier,18,19/01/2002,19,Brasil,1.85,Mediocentro ofensivo,32,203,9,3,0,0,1.174'
Borussia Dortmund,Marco Reus,15,31/05/1989,31,Alemania,1.8,Mediocentro ofensivo,504,173,205,125,0,0,38.837'
Borussia Dortmund,Thorgan Hazard,32,29/03/1993,28,Bélgica,1.75,Extremo izquierdo,350,167,77,92,0,0,24.597'
Borussia Dortmund,Jadon Sancho,100,25/03/2000,21,Inglaterra,1.8,Extremo derecho,174,192,70,71,0,0,12.758'
Borussia Dortmund,Ansgar Knauff,0.8,10/01/2002,19,Alemania,1.8,Extremo derecho,77,221,19,24,0,0,4.702'
Borussia Dortmund,Erling Haaland,110,21/07/2000,20,Noruega,1.94,Delantero centro,145,186,98,25,0,0,8.847'
Borussia Dortmund,Youssoufa Moukoko,10,20/11/2004,16,Alemania,1.79,Delantero centro,103,222,144,27,0,0,7.478'
Borussia Dortmund,Steffen Tigges,0.7,31/07/1998,22,Alemania,1.93,Delantero centro,182,148,46,28,0,0,10.659'
RasenBallsport Leipzig,Péter Gulácsi,12,06/05/1990,30,Hungría,1.9,Portero,394,189,0,0,444,130,34.932'
RasenBallsport Leipzig,Josep Martínez,2.5,27/05/1998,22,España,1.91,Portero,87,139,0,0,85,33,7.785'
RasenBallsport Leipzig,Philipp Tschauner,0.33,03/11/1985,35,Alemania,1.96,Portero,361,144,1,0,463,104,32.291'
RasenBallsport Leipzig,Dayot Upamecano,60,27/10/1998,22,Francia,1.86,Defensa central,188,172,5,5,0,0,15.333'
RasenBallsport Leipzig,Ibrahima Konaté,35,25/05/1999,21,Francia,1.94,Defensa central,105,178,5,1,0,0,8.164'
RasenBallsport Leipzig,Lukas Klostermann,32,03/06/1996,24,Alemania,1.89,Defensa central,257,184,19,13,0,0,19.997'
RasenBallsport Leipzig,Willi Orban,14,03/11/1992,28,Hungría,1.86,Defensa central,378,180,46,13,0,0,31.190'
RasenBallsport Leipzig,Angeliño,35,04/01/1997,24,España,1.71,Lateral izquierdo,242,167,19,51,0,0,20.490'
RasenBallsport Leipzig,Marcel Halstenberg,17,27/09/1991,29,Alemania,1.88,Lateral izquierdo,399,166,34,30,0,0,33.399'
RasenBallsport Leipzig,Nordi Mukiele,23,01/11/1997,23,Francia,1.87,Lateral derecho,196,169,10,9,0,0,14.837'
RasenBallsport Leipzig,Benjamin Henrichs,12,23/02/1997,24,Alemania,1.83,Lateral derecho,240,154,20,31,0,0,18.258'
RasenBallsport Leipzig,Tyler Adams,20,14/02/1999,22,Estados Unidos,1.76,Pivote,170,200,8,13,0,0,12.982'
RasenBallsport Leipzig,Marcel Sabitzer,42,17/03/1994,27,Austria,1.77,Mediocentro,382,182,99,78,0,0,28.635'
RasenBallsport Leipzig,Konrad Laimer,26,27/05/1997,23,Austria,1.8,,0,0,0,0,0,0,0
RasenBallsport Leipzig,Amadou Haidara,22,31/01/1998,23,Malí,1.75,Mediocentro,188,220,22,27,0,0,11.762'
RasenBallsport Leipzig,Kevin Kampl,14,09/10/1990,30,Eslovenia,1.78,Mediocentro,449,186,57,101,0,0,34.980'
RasenBallsport Leipzig,Dominik Szoboszlai,25,25/10/2000,20,Hungría,1.87,Interior izquierdo,131,198,43,52,0,0,9.327'
RasenBallsport Leipzig,Christopher Nkunku,40,14/11/1997,23,Francia,1.75,Mediocentro ofensivo,174,225,34,34,0,0,9.845'
RasenBallsport Leipzig,Dani Olmo,38,07/05/1998,22,España,1.79,Mediocentro ofensivo,215,204,47,41,0,0,15.289'
RasenBallsport Leipzig,Lazar Samardzic,3,24/02/2002,19,Alemania,1.84,Mediocentro ofensivo,73,212,56,25,0,0,5.079'
RasenBallsport Leipzig,Joscha Wosz,0.4,20/07/2002,18,Alemania,1.73,Mediocentro ofensivo,57,182,23,6,0,0,3.731'
RasenBallsport Leipzig,Emil Forsberg,20,23/10/1991,29,Suecia,1.79,Extremo izquierdo,399,176,96,79,0,0,27.062'
RasenBallsport Leipzig,Justin Kluivert,14,05/05/1999,21,Países Bajos,1.71,Extremo izquierdo,185,199,39,41,0,0,11.425'
RasenBallsport Leipzig,Fabrice Hartmann,0.35,02/03/2001,20,Alemania,1.78,Extremo derecho,108,210,58,12,0,0,6.881'
RasenBallsport Leipzig,Yussuf Poulsen,25,15/06/1994,26,Dinamarca,1.92,Delantero centro,343,179,96,68,0,0,23.976'
RasenBallsport Leipzig,Alexander Sörloth,18,05/12/1995,25,Noruega,1.94,Delantero centro,231,160,79,37,0,0,14.075'
RasenBallsport Leipzig,Hee-chan Hwang,11,26/01/1996,25,Corea del Sur,1.77,Delantero centro,197,209,62,40,0,0,11.154'
RasenBallsport Leipzig,Hugo Novoa,0.2,24/01/2003,18,España,1.82,Delantero centro,25,232,6,9,0,0,1.556'
Arsenal FC,Bernd Leno,25,04/03/1992,29,Alemania,1.9,Portero,506,168,0,0,605,158,45.422'
Arsenal FC,Mathew Ryan,6,08/04/1992,29,Australia,1.84,Portero,367,155,0,0,431,118,33.150'
Arsenal FC,Rúnar Alex Rúnarsson,1.8,18/02/1995,26,Islandia,1.86,Portero,122,129,0,0,203,22,10.742'
Arsenal FC,Dejan Iliev,0.3,25/02/1995,26,Macedonia del Norte,1.95,Portero,72,144,0,0,110,19,6.285'
Arsenal FC,Gabriel,25,19/12/1997,23,Brasil,1.9,Defensa central,113,157,8,1,0,0,9.648'
Arsenal FC,Rob Holding,16,20/09/1995,25,Inglaterra,1.89,Defensa central,172,166,7,3,0,0,14.141'
Arsenal FC,Calum Chambers,12,20/01/1995,26,Inglaterra,1.82,Defensa central,225,153,11,12,0,0,16.832'
Arsenal FC,Pablo Marí,7,31/08/1993,27,España,1.93,Defensa central,292,162,18,2,0,0,25.061'
Arsenal FC,David Luiz,5,22/04/1987,33,Brasil,1.89,Defensa central,539,204,36,26,0,0,45.813'
Arsenal FC,Kieran Tierney,30,05/06/1997,23,Escocia,1.8,Lateral izquierdo,229,204,11,45,0,0,18.880'
Arsenal FC,Héctor Bellerín,25,19/03/1995,26,España,1.78,Lateral derecho,279,181,14,36,0,0,22.645'
Arsenal FC,Cédric Soares,6,31/08/1991,29,Portugal,1.71,Lateral derecho,300,155,6,27,0,0,24.817'
Arsenal FC,Thomas Partey,45,13/06/1993,27,Ghana,1.85,Pivote,312,171,29,16,0,0,21.380'
Arsenal FC,Granit Xhaka,22,27/09/1992,28,Suiza,1.86,Pivote,455,185,36,35,0,0,35.614'
Arsenal FC,Mohamed Elneny,10,11/07/1992,28,Egipto,1.79,Pivote,340,192,18,23,0,0,23.738'
Arsenal FC,Dani Ceballos,30,07/08/1996,24,España,1.79,Mediocentro,234,171,14,15,0,0,14.427'
Arsenal FC,Martin Ødegaard,40,17/12/1998,22,Noruega,1.78,Mediocentro ofensivo,229,154,33,40,0,0,16.742'
Arsenal FC,Emile Smith Rowe,13,28/07/2000,20,Inglaterra,1.82,Mediocentro ofensivo,111,183,28,17,0,0,7.572'
Arsenal FC,Gabriel Martinelli,22,18/06/2001,19,Brasil,1.8,Extremo izquierdo,38,137,10,5,0,0,1.868'
Arsenal FC,Bukayo Saka,60,05/09/2001,19,Inglaterra,1.78,Extremo derecho,129,174,32,35,0,0,9.066'
Arsenal FC,Nicolas Pépé,38,29/05/1995,25,Costa de Marfil,1.83,Extremo derecho,234,156,63,35,0,0,15.133'
Arsenal FC,Willian,12,09/08/1988,32,Brasil,1.75,Extremo derecho,624,205,103,140,0,0,41.984'
Arsenal FC,Reiss Nelson,10,10/12/1999,21,Inglaterra,1.75,Extremo derecho,143,169,36,16,0,0,8.224'
Arsenal FC,Alexandre Lacazette,35,28/05/1991,29,Francia,1.76,Delantero centro,437,171,190,71,0,0,30.993'
Arsenal FC,Pierre-Emerick Aubameyang,35,18/06/1989,31,Gabón,1.87,Delantero centro,554,169,286,86,0,0,42.070'
Arsenal FC,Eddie Nketiah,18,30/05/1999,21,Inglaterra,1.8,Delantero centro,138,186,63,13,0,0,7.364'
SSC Nápoles,Alex Meret,20,22/03/1997,24,Italia,1.9,Portero,159,174,0,0,179,51,14.119'
SSC Nápoles,David Ospina,5,31/08/1988,32,Colombia,1.83,Portero,349,154,0,0,389,122,30.771'
SSC Nápoles,Nikita Contini,0.5,21/05/1996,24,Italia,1.9,Portero,198,145,0,0,248,68,17.648'
SSC Nápoles,Kalidou Koulibaly,50,20/06/1991,29,Senegal,1.87,Defensa central,412,183,15,10,0,0,35.957'
SSC Nápoles,Konstantinos Manolas,28,14/06/1991,29,Grecia,1.89,Defensa central,429,186,24,8,0,0,36.239'
SSC Nápoles,Nikola Maksimovic,12,25/11/1991,29,Serbia,1.93,Defensa central,288,166,6,9,0,0,23.430'
SSC Nápoles,Amir Rrahmani,12,24/02/1994,27,Kosovo,1.92,Defensa central,246,171,9,7,0,0,21.016'
SSC Nápoles,Mário Rui,10,27/05/1991,29,Portugal,1.68,Lateral izquierdo,325,144,6,16,0,0,24.335'
SSC Nápoles,Faouzi Ghoulam,3,01/02/1991,30,Argelia,1.84,Lateral izquierdo,297,181,4,36,0,0,23.156'
SSC Nápoles,Giovanni Di Lorenzo,22,04/08/1993,27,Italia,1.83,Lateral derecho,374,140,17,30,0,0,32.341'
SSC Nápoles,Elseid Hysaj,14,02/02/1994,27,Albania,1.82,Lateral derecho,351,189,3,12,0,0,29.024'
SSC Nápoles,Tiemoué Bakayoko,25,17/08/1994,26,Francia,1.89,Pivote,264,183,12,9,0,0,19.301'
SSC Nápoles,Diego Demme,15,21/11/1991,29,Alemania,1.7,Pivote,421,160,10,25,0,0,31.531'
SSC Nápoles,Stanislav Lobotka,11,25/11/1994,26,Eslovaquia,1.72,Pivote,304,155,6,13,0,0,22.513'
SSC Nápoles,Piotr Zielinski,46,20/05/1994,26,Polonia,1.8,Mediocentro,342,175,45,32,0,0,21.893'
SSC Nápoles,Fabián Ruiz,44,03/04/1996,25,España,1.89,Mediocentro,219,167,20,19,0,0,15.769'
SSC Nápoles,Karim Zedadka,0.1,09/06/2000,20,Francia,1.82,Interior izquierdo,51,98,2,8,0,0,3.776'
SSC Nápoles,Eljif Elmas,18,24/09/1999,21,Macedonia del Norte,1.82,Mediocentro ofensivo,166,164,16,11,0,0,8.649'
SSC Nápoles,Lorenzo Insigne,48,04/06/1991,29,Italia,1.63,Extremo izquierdo,509,189,164,98,0,0,36.286'
SSC Nápoles,Antonio Cioffi,0.4,19/12/2002,18,Italia,1.8,Extremo izquierdo,53,149,18,5,0,0,3.445'
SSC Nápoles,Hirving Lozano,45,30/07/1995,25,México,1.75,Extremo derecho,295,173,101,60,0,0,21.767'
SSC Nápoles,Matteo Politano,25,03/08/1993,27,Italia,1.71,Extremo derecho,398,165,74,37,0,0,24.737'
SSC Nápoles,Victor Osimhen,50,29/12/1998,22,Nigeria,1.86,Delantero centro,111,159,42,11,0,0,7.482'
SSC Nápoles,Andrea Petagna,17,30/06/1995,25,Italia,1.9,Delantero centro,301,145,74,26,0,0,19.423'
SSC Nápoles,Dries Mertens,12,06/05/1987,33,Bélgica,1.69,Delantero centro,637,176,232,176,0,0,45.770'
AC Milan,Gianluigi Donnarumma,60,25/02/1999,22,Italia,1.96,Portero,252,173,0,0,272,86,22.537'
AC Milan,Ciprian Tatarusanu,0.7,09/02/1986,35,Rumania,1.98,Portero,413,170,0,0,417,153,36.941'
AC Milan,Antonio Donnarumma,0.3,07/07/1990,30,Italia,1.92,Portero,136,126,0,0,182,41,12.293'
AC Milan,Alessio Romagnoli,30,12/01/1995,26,Italia,1.85,Defensa central,279,178,14,4,0,0,23.795'
AC Milan,Fikayo Tomori,20,19/12/1997,23,Inglaterra,1.84,Defensa central,193,165,11,5,0,0,15.874'
AC Milan,Simon Kjaer,10,26/03/1989,32,Dinamarca,1.91,Defensa central,459,171,21,9,0,0,38.678'
AC Milan,Matteo Gabbia,9,21/10/1999,21,Italia,1.85,Defensa central,120,168,6,3,0,0,9.400'
AC Milan,Theo Hernández,50,06/10/1997,23,Francia,1.84,Lateral izquierdo,173,176,17,21,0,0,14.469'
AC Milan,Davide Calabria,25,06/12/1996,24,Italia,1.76,Lateral derecho,194,180,10,10,0,0,14.801'
AC Milan,Diogo Dalot,10,18/03/1999,22,Portugal,1.83,Lateral derecho,106,183,7,15,0,0,7.802'
AC Milan,Pierre Kalulu,7,05/06/2000,20,Francia,1.79,Lateral derecho,67,152,1,3,0,0,5.429'
AC Milan,Ismaël Bennacer,40,01/12/1997,23,Argelia,1.75,Pivote,190,164,7,15,0,0,14.348'
AC Milan,Sandro Tonali,32,08/05/2000,20,Italia,1.81,Pivote,177,141,18,18,0,0,13.695'
AC Milan,Franck Kessié,50,19/12/1996,24,Costa de Marfil,1.83,Mediocentro,250,182,37,18,0,0,20.357'
AC Milan,Rade Krunic,6,07/10/1993,27,Bosnia y Herzegovina,1.84,Mediocentro,239,141,22,27,0,0,16.058'
AC Milan,Soualiho Meïté,5,17/03/1994,27,Francia,1.87,Mediocentro,254,152,8,12,0,0,16.978'
AC Milan,Hakan Calhanoglu,35,08/02/1994,27,Turquía,1.78,Mediocentro ofensivo,419,166,92,100,0,0,31.737'
AC Milan,Brahim Díaz,14,03/08/1999,21,España,1.71,Mediocentro ofensivo,128,197,29,20,0,0,7.505'
AC Milan,Daniel Maldini,0.8,11/10/2001,19,Italia,1.81,Mediocentro ofensivo,80,189,32,5,0,0,4.864'
AC Milan,Ante Rebic,32,21/09/1993,27,Croacia,1.85,Extremo izquierdo,245,160,61,30,0,0,15.115'
AC Milan,Jens Petter Hauge,10,12/10/1999,21,Noruega,1.84,Extremo izquierdo,148,195,40,31,0,0,6.519'
AC Milan,Alexis Saelemaekers,18,27/06/1999,21,Bélgica,1.8,Extremo derecho,117,162,6,17,0,0,7.415'
AC Milan,Samu Castillejo,10,18/01/1995,26,España,1.82,Extremo derecho,270,165,22,31,0,0,15.575'
AC Milan,Rafael Leão,28,10/06/1999,21,Portugal,1.88,Delantero centro,119,167,35,15,0,0,6.454'
AC Milan,Zlatan Ibrahimovic,5,03/10/1981,39,Suecia,1.95,Delantero centro,785,210,484,186,0,0,61.571'
AC Milan,Mario Mandzukic,1,21/05/1986,34,Croacia,1.9,Delantero centro,502,210,197,84,0,0,38.338'
Leicester City,Kasper Schmeichel,8,05/11/1986,34,Dinamarca,1.89,Portero,581,164,0,0,662,197,52.277'
Leicester City,Danny Ward,6,22/06/1993,27,Gales,1.91,Portero,139,181,0,0,167,39,12.455'
Leicester City,Eldin Jakupovic,0.4,02/10/1984,36,Suiza,1.91,Portero,272,156,1,0,331,94,24.451'
Leicester City,Caglar Söyüncü,40,23/05/1996,24,Turquía,1.87,Defensa central,171,151,4,2,0,0,14.178'
Leicester City,Wesley Fofana,30,17/12/2000,20,Francia,1.9,Defensa central,59,178,2,1,0,0,4.858'
Leicester City,Jonny Evans,7,03/01/1988,33,Irlanda del Norte,1.88,Defensa central,451,177,19,14,0,0,37.831'
Leicester City,Wes Morgan,0.5,21/01/1984,37,Jamaica,1.85,Defensa central,704,153,27,7,0,0,60.402'
Leicester City,Luke Thomas,3,10/06/2001,19,Inglaterra,1.81,Lateral izquierdo,87,156,9,7,0,0,6.967'
Leicester City,Christian Fuchs,1,07/04/1986,35,Austria,1.87,Lateral izquierdo,533,156,32,83,0,0,41.974'
Leicester City,Ricardo Pereira,30,06/10/1993,27,Portugal,1.75,Lateral derecho,276,185,20,30,0,0,22.495'
Leicester City,Timothy Castagne,24,05/12/1995,25,Bélgica,1.8,Lateral derecho,219,186,12,17,0,0,17.235'
Leicester City,James Justin,17,23/02/1998,23,Inglaterra,1.83,Lateral derecho,165,197,10,17,0,0,12.733'
Leicester City,Wilfred Ndidi,50,16/12/1996,24,Nigeria,1.83,Pivote,249,167,16,13,0,0,21.030'
Leicester City,Hamza Choudhury,8,01/10/1997,23,Inglaterra,1.78,Pivote,156,154,3,6,0,0,9.656'
Leicester City,Nampalys Mendy,8,23/06/1992,28,Senegal,1.67,Pivote,298,148,1,6,0,0,22.954'
Leicester City,Daniel Amartey,5,21/12/1994,26,Ghana,1.86,Pivote,190,173,9,6,0,0,14.813'
Leicester City,Youri Tielemans,55,07/05/1997,23,Bélgica,1.76,Mediocentro,348,174,57,52,0,0,26.774'
Leicester City,Dennis Praet,20,14/05/1994,26,Bélgica,1.81,Mediocentro,349,167,34,50,0,0,24.815'
Leicester City,Marc Albrighton,5,18/11/1989,31,Inglaterra,1.75,Interior derecho,377,154,30,69,0,0,24.195'
Leicester City,Harvey Barnes,35,09/12/1997,23,Inglaterra,1.82,Interior izquierdo,213,149,53,37,0,0,14.828'
Leicester City,James Maddison,60,23/11/1996,24,Inglaterra,1.75,Mediocentro ofensivo,222,156,51,46,0,0,15.771'
Leicester City,Cengiz Ünder,20,14/07/1997,23,Turquía,1.73,Extremo derecho,208,169,39,31,0,0,13.036'
Leicester City,Ayoze Pérez,18,29/07/1993,27,España,1.78,Mediapunta,313,145,76,29,0,0,20.563'
Leicester City,Kelechi Iheanacho,15,03/10/1996,24,Nigeria,1.85,Delantero centro,191,156,58,29,0,0,8.072'
Leicester City,Jamie Vardy,10,11/01/1987,34,Inglaterra,1.79,Delantero centro,382,166,178,76,0,0,29.894'
Everton FC,Jordan Pickford,22,07/03/1994,27,Inglaterra,1.85,Portero,335,126,0,0,458,99,29.995'
Everton FC,Robin Olsen,4,08/01/1990,31,Suecia,1.96,Portero,266,183,0,0,296,95,23.850'
Everton FC,João Virgínia,0.5,10/10/1999,21,Portugal,1.92,Portero,70,187,0,0,86,26,6.317'
Everton FC,Michael Keane,28,11/01/1993,28,Inglaterra,1.88,Defensa central,350,156,28,13,0,0,30.074'
Everton FC,Ben Godfrey,25,15/01/1998,23,Inglaterra,1.86,Defensa central,196,139,7,3,0,0,15.543'
Everton FC,Yerry Mina,20,23/09/1994,26,Colombia,1.95,Defensa central,206,175,25,5,0,0,16.246'
Everton FC,Mason Holgate,18,22/10/1996,24,Inglaterra,1.87,Defensa central,172,160,7,9,0,0,14.107'
Everton FC,Lucas Digne,35,20/07/1993,27,Francia,1.78,Lateral izquierdo,297,185,13,34,0,0,24.641'
Everton FC,Niels Nkounkou,3,01/11/2000,20,Francia,1.8,Lateral izquierdo,50,124,4,6,0,0,3.844'
Everton FC,Seamus Coleman,7,11/10/1988,32,Irlanda,1.77,Lateral derecho,420,156,29,36,0,0,33.879'
Everton FC,Jean-Philippe Gbamin,18,25/09/1995,25,Costa de Marfil,1.86,Pivote,196,127,7,6,0,0,15.678'
Everton FC,Abdoulaye Doucouré,25,01/01/1993,28,Francia,1.83,Mediocentro,278,133,36,32,0,0,21.995'
Everton FC,Allan,22,08/01/1991,30,Brasil,1.75,Mediocentro,409,183,14,32,0,0,28.940'
Everton FC,André Gomes,20,30/07/1993,27,Portugal,1.88,Mediocentro,290,191,25,25,0,0,18.820'
Everton FC,Tom Davies,16,30/06/1998,22,Inglaterra,1.8,Mediocentro,177,160,7,10,0,0,11.667'
Everton FC,Fabian Delph,5,21/11/1989,31,Inglaterra,1.74,Mediocentro,309,162,19,12,0,0,22.232'
Everton FC,James Rodríguez,30,12/07/1991,29,Colombia,1.81,Mediocentro ofensivo,410,220,110,132,0,0,27.393'
Everton FC,Gylfi Sigurdsson,15,08/09/1989,31,Islandia,1.86,Mediocentro ofensivo,471,143,115,76,0,0,33.790'
Everton FC,Richarlison,60,10/05/1997,23,Brasil,1.84,Extremo izquierdo,221,142,66,25,0,0,16.904'
Everton FC,Alex Iwobi,22,03/05/1996,24,Nigeria,1.83,Extremo izquierdo,265,169,35,38,0,0,16.744'
Everton FC,Bernard,12,08/09/1992,28,Brasil,1.64,Extremo izquierdo,311,187,52,61,0,0,19.340'
Everton FC,Joshua King,10,15/01/1992,29,Noruega,1.87,Mediapunta,329,129,72,41,0,0,21.566'
Everton FC,Dominic Calvert-Lewin,45,16/03/1997,24,Inglaterra,1.87,Delantero centro,213,151,63,18,0,0,12.887'
Wolverhampton Wanderers,Rui Patrício,10,15/02/1988,33,Portugal,1.9,Portero,583,180,0,0,586,215,52.512'
Wolverhampton Wanderers,John Ruddy,1,24/10/1986,34,Inglaterra,1.92,Portero,453,148,0,0,568,143,40.652'
Wolverhampton Wanderers,Conor Coady,22,25/02/1993,28,Inglaterra,1.85,Defensa central,416,157,20,15,0,0,35.406'
Wolverhampton Wanderers,Willy Boly,14,03/02/1991,30,Costa de Marfil,1.95,Defensa central,313,158,15,6,0,0,27.315'
Wolverhampton Wanderers,Romain Saïss,10,26/03/1990,31,Marruecos,1.88,Defensa central,318,148,17,11,0,0,25.603'
Wolverhampton Wanderers,Max Kilman,4.5,23/05/1997,23,Inglaterra,1.92,Defensa central,84,158,3,2,0,0,6.545'
Wolverhampton Wanderers,Rayan Aït Nouri,20,06/06/2001,19,Francia,1.79,Lateral izquierdo,40,118,1,5,0,0,2.539'
Wolverhampton Wanderers,Jonny Otto,15,03/03/1994,27,España,1.75,Lateral izquierdo,339,144,8,17,0,0,27.494'
Wolverhampton Wanderers,Marçal,1.8,19/02/1989,32,Brasil,1.78,Lateral izquierdo,262,155,3,18,0,0,21.293'
Wolverhampton Wanderers,Nélson Semedo,32,16/11/1993,27,Portugal,1.77,Lateral derecho,280,205,10,33,0,0,21.460'
Wolverhampton Wanderers,Ki-Jana Hoever,7,18/01/2002,19,Países Bajos,1.83,Lateral derecho,63,176,3,1,0,0,4.452'
Wolverhampton Wanderers,Rúben Neves,50,13/03/1997,24,Portugal,1.8,Pivote,262,185,24,13,0,0,18.687'
Wolverhampton Wanderers,Leander Dendoncker,32,15/04/1995,25,Bélgica,1.88,Pivote,302,178,21,5,0,0,24.199'
Wolverhampton Wanderers,Owen Otasowie,1.5,06/01/2001,20,Estados Unidos,1.88,Pivote,39,103,1,2,0,0,2.199'
Wolverhampton Wanderers,Morgan Gibbs-White,6,27/01/2000,21,Inglaterra,1.71,Mediocentro,99,162,4,7,0,0,4.261'
Wolverhampton Wanderers,Vitinha,6,13/02/2000,21,Portugal,1.72,Mediocentro,55,160,10,7,0,0,2.216'
Wolverhampton Wanderers,João Moutinho,4,08/09/1986,34,Portugal,1.7,Mediocentro,724,195,51,118,0,0,59.242'
Wolverhampton Wanderers,Pedro Neto,35,09/03/2000,21,Portugal,1.72,Extremo izquierdo,97,137,12,11,0,0,5.400'
Wolverhampton Wanderers,Adama Traoré,35,25/01/1996,25,España,1.78,Extremo derecho,285,130,25,52,0,0,17.509'
Wolverhampton Wanderers,Daniel Podence,25,21/10/1995,25,Portugal,1.65,Extremo derecho,239,181,30,42,0,0,15.656'
Wolverhampton Wanderers,Raúl Jiménez,35,05/05/1991,29,México,1.88,Delantero centro,361,189,117,51,0,0,21.919'
Wolverhampton Wanderers,Fábio Silva,25,19/07/2002,18,Portugal,1.85,Delantero centro,62,174,13,6,0,0,2.831'
Wolverhampton Wanderers,Willian José,20,23/11/1991,29,Brasil,1.89,Delantero centro,359,133,101,24,0,0,22.105'
Wolverhampton Wanderers,Renat Dadashov,0.3,17/05/1999,21,Azerbaiyán,1.86,,0,0,0,0,0,0,0
